Gene	"Gene synonym"	Ensembl	"Gene description"	Uniprot	Chromosome	Position	"Protein class"	"Biological process"	"Molecular function"	"Disease involvement"	Evidence	"HPA evidence"	"UniProt evidence"	"NeXtProt evidence"
MBD1	"CXXC3, PCM1"	ENSG00000141644	"Methyl-CpG binding domain protein 1"	Q9UIS9	18	50266882-50281774	"Cancer-related genes, Predicted intracellular proteins, Transcription factors"	"Transcription, Transcription regulation"	DNA-binding	"Cancer-related genes"	"Evidence at protein level"	"Evidence at protein level"	"Evidence at protein level"	"Evidence at protein level"
TEX30	C13orf27	ENSG00000151287	"Testis expressed 30"	Q5JUR7	13	102765888-102773811	"Predicted intracellular proteins"				"Evidence at protein level"	"Evidence at protein level"	"Evidence at transcript level"	"Evidence at protein level"
ZNF330	"HSA6591, NOA36"	ENSG00000109445	"Zinc finger protein 330"	Q9Y3S2	4	141220887-141234697	"Predicted intracellular proteins"				"Evidence at protein level"	"Evidence at protein level"	"Evidence at protein level"	"Evidence at protein level"
USP53	KIAA1350	ENSG00000145390	"Ubiquitin specific peptidase 53"	Q70EK8	4	119212587-119295518	"Disease related genes, Enzymes, Human disease related genes, Potential drug targets, Predicted intracellular proteins"			"Deafness, Disease variant, Intrahepatic cholestasis"	"Evidence at protein level"	"Evidence at transcript level"	"Evidence at protein level"	"Evidence at protein level"
ZNF654	"FLJ10997, FLJ21142"	ENSG00000175105	"Zinc finger protein 654"	Q8IZM8	3	88059255-88144660	"Predicted intracellular proteins, Transcription factors"	"Transcription, Transcription regulation"	DNA-binding		"Evidence at protein level"	"Evidence at transcript level"	"Evidence at transcript level"	"Evidence at protein level"
FBXO45	Fbx45	ENSG00000174013	"F-box protein 45"	P0C2W1	3	196568611-196589059	"Predicted intracellular proteins"	"Neurogenesis, Ubl conjugation pathway"	"Developmental protein"		"Evidence at protein level"	"Evidence at transcript level"	"Evidence at protein level"	"Evidence at protein level"
ARRB2	"ARR2, BARR2, DKFZp686L0365"	ENSG00000141480	"Arrestin beta 2"	P32121	17	4710596-4721499	"Predicted intracellular proteins, Transporters"	"Protein transport, Transport"	"Signal transduction inhibitor"		"Evidence at protein level"	"Evidence at protein level"	"Evidence at protein level"	"Evidence at protein level"
RPAIN	"hRIP, MGC4189, RIP"	ENSG00000129197	"RPA interacting protein"	Q86UA6	17	5419641-5432877	"Predicted intracellular proteins"				"Evidence at protein level"	"Evidence at transcript level"	"Evidence at protein level"	"Evidence at protein level"
DVL3	KIAA0208	ENSG00000161202	"Dishevelled segment polarity protein 3"	Q92997	3	184155377-184173614	"Cancer-related genes, Disease related genes, Human disease related genes, Predicted intracellular proteins"	"Wnt signaling pathway"	"Developmental protein"	"Cancer-related genes, Dwarfism"	"Evidence at protein level"	"Evidence at protein level"	"Evidence at protein level"	"Evidence at protein level"
RNF8	KIAA0646	ENSG00000112130	"Ring finger protein 8"	O76064	6	37353979-37394734	"Enzymes, Metabolic proteins, Predicted intracellular proteins"	"Cell cycle, Cell division, DNA damage, DNA repair, Host-virus interaction, Mitosis, Ubl conjugation pathway"	"Chromatin regulator, Transferase"		"Evidence at protein level"	"Evidence at protein level"	"Evidence at protein level"	"Evidence at protein level"
ZNF875	HKR1	ENSG00000181666	"Zinc finger protein 875"	P10072	19	37312837-37369365	"Predicted intracellular proteins, Transcription factors"	"Transcription, Transcription regulation"	DNA-binding		"Evidence at protein level"	"Evidence at transcript level"	"Evidence at transcript level"	"Evidence at protein level"
DNAJC9	"JDD1, SB73"	ENSG00000213551	"DnaJ heat shock protein family (Hsp40) member C9"	Q8WXX5	10	73183362-73247255	"Predicted intracellular proteins"		Chaperone		"Evidence at protein level"	"Evidence at protein level"	"Evidence at protein level"	"Evidence at protein level"
HOOK2	HK2	ENSG00000095066	"Hook microtubule tethering protein 2"	Q96ED9	19	12763003-12872740	"Predicted intracellular proteins"	"Protein transport, Transport"			"Evidence at protein level"	"Evidence at protein level"	"Evidence at protein level"	"Evidence at protein level"
RAN	"ARA24, Gsp1, TC4"	ENSG00000132341	"RAN, member RAS oncogene family"	P62826	12	130872037-130877678	"Plasma proteins, Predicted intracellular proteins, Transporters"	"Cell cycle, Cell division, Host-virus interaction, Mitosis, Protein transport, Transport"	Hydrolase		"Evidence at protein level"	"Evidence at protein level"	"Evidence at protein level"	"Evidence at protein level"
LMNB2	LMN2	ENSG00000176619	"Lamin B2"	Q03252	19	2427638-2456959	"Disease related genes, Human disease related genes, Plasma proteins, Predicted intracellular proteins"			"Disease variant, Epilepsy, Intellectual disability, Neurodegeneration, Primary microcephaly"	"Evidence at protein level"	"Evidence at protein level"	"Evidence at protein level"	"Evidence at protein level"
CEP70	"BITE, FLJ13036"	ENSG00000114107	"Centrosomal protein 70"	Q8NHQ1	3	138494344-138594538	"Plasma proteins, Predicted intracellular proteins"				"Evidence at protein level"	"Evidence at protein level"	"Evidence at protein level"	"Evidence at protein level"
MTF2	"M96, PCL2, TDRD19A"	ENSG00000143033	"Metal response element binding transcription factor 2"	Q9Y483	1	93079235-93139079	"Predicted intracellular proteins"		"Chromatin regulator, DNA-binding"		"Evidence at protein level"	"Evidence at protein level"	"Evidence at protein level"	"Evidence at protein level"
ZNF587B		ENSG00000269343	"Zinc finger protein 587B"	E7ETH6	19	57819721-57846238	"Predicted intracellular proteins"				"Evidence at protein level"	"Evidence at protein level"	"Evidence at protein level"	"Evidence at protein level"
RBM8A	"BOV-1A, BOV-1B, BOV-1C, RBM8, RBM8B, Y14, ZNRP"	ENSG00000265241	"RNA binding motif protein 8A"	Q9Y5S9	1	145921556-145927678	"Disease related genes, Human disease related genes, Plasma proteins, Potential drug targets, Predicted intracellular proteins, Transporters"	"mRNA processing, mRNA splicing, mRNA transport, Nonsense-mediated mRNA decay, Translation regulation, Transport"	RNA-binding		"Evidence at protein level"	"Evidence at protein level"	"Evidence at protein level"	"Evidence at protein level"
COPS3	"CSN3, SGN3"	ENSG00000141030	"COP9 signalosome subunit 3"	Q9UNS2	17	17246616-17281273	"Predicted intracellular proteins"				"Evidence at protein level"	"Evidence at protein level"	"Evidence at protein level"	"Evidence at protein level"
ATG3	"APG3L, DKFZp564M1178, FLJ22125, MGC15201, PC3-96"	ENSG00000144848	"Autophagy related 3"	Q9NT62	3	112532510-112562046	"Predicted intracellular proteins, Transporters"	"Autophagy, Protein transport, Transport, Ubl conjugation pathway"	Transferase		"Evidence at protein level"	"Evidence at protein level"	"Evidence at protein level"	"Evidence at protein level"
MPHOSPH6	MPP6	ENSG00000135698	"M-phase phosphoprotein 6"	Q99547	16	82147798-82170224	"Predicted intracellular proteins"	"rRNA processing"	RNA-binding		"Evidence at protein level"	"Evidence at protein level"	"Evidence at protein level"	"Evidence at protein level"
RUBCN	"KIAA0226, rubicon, rundataxin"	ENSG00000145016	"Rubicon autophagy regulator"	Q92622	3	197668867-197749727	"Disease related genes, Human disease related genes, Predicted intracellular proteins"	"Autophagy, Endocytosis, Immunity, Phagocytosis"		Neurodegeneration	"Evidence at protein level"	"Evidence at protein level"	"Evidence at protein level"	"Evidence at protein level"
SRC	"ASV, c-src, SRC1"	ENSG00000197122	"SRC proto-oncogene, non-receptor tyrosine kinase"	P12931	20	37344685-37406050	"Cancer-related genes, Disease related genes, Enzymes, FDA approved drug targets, Human disease related genes, Plasma proteins, Predicted intracellular proteins, Transporters"	"Cell adhesion, Cell cycle, Host-virus interaction, Immunity"	"Kinase, Transferase, Tyrosine-protein kinase"	"Cancer-related genes, Disease variant, FDA approved drug targets, Proto-oncogene"	"Evidence at protein level"	"Evidence at protein level"	"Evidence at protein level"	"Evidence at protein level"
ODF2	"CT134, ODF84"	ENSG00000136811	"Outer dense fiber of sperm tails 2"	Q5BJF6	9	128455186-128501292	"Predicted intracellular proteins"	"Differentiation, Spermatogenesis"	"Developmental protein"		"Evidence at protein level"	"Evidence at protein level"	"Evidence at protein level"	"Evidence at protein level"
ZNF418	"FLJ31551, KIAA1956"	ENSG00000196724	"Zinc finger protein 418"	Q8TF45	19	57921882-57935402	"Predicted intracellular proteins, Transcription factors"	"Transcription, Transcription regulation"	"DNA-binding, Repressor"		"Evidence at protein level"	"Evidence at protein level"	"Evidence at protein level"	"Evidence at protein level"
SMPD4	"FLJ20297, FLJ20756, KIAA1418, NET13, nSMase-3, NSMASE3"	ENSG00000136699	"Sphingomyelin phosphodiesterase 4"	Q9NXE4	2	130151392-130182750	"Disease related genes, Enzymes, Human disease related genes, Metabolic proteins, Potential drug targets, Predicted intracellular proteins, Predicted membrane proteins"	"Lipid metabolism"	Hydrolase	"Disease variant, Intellectual disability"	"Evidence at protein level"	"Evidence at protein level"	"Evidence at protein level"	"Evidence at protein level"
POLR3E	"C37, FLJ10509, RPC5, SIN"	ENSG00000058600	"RNA polymerase III subunit E"	Q9NVU0	16	22297375-22335101	"Metabolic proteins, Predicted intracellular proteins, RNA polymerase related proteins"	"Antiviral defense, Immunity, Innate immunity, Transcription"			"Evidence at protein level"	"Evidence at protein level"	"Evidence at protein level"	"Evidence at protein level"
SRSF10	"FUSIP1, FUSIP2, PPP1R149, SFRS13, SFRS13A, SRp38, SRrp40, TASR1, TASR2"	ENSG00000188529	"Serine and arginine rich splicing factor 10"	O75494	1	23964347-23980927	"Predicted intracellular proteins"	"mRNA processing, mRNA splicing"	RNA-binding		"Evidence at protein level"	"Evidence at protein level"	"Evidence at protein level"	"Evidence at protein level"
PUM3	"HA-8, hPUF-A, KIAA0020, PEN, Puf-A, PUF6, XTP5"	ENSG00000080608	"Pumilio RNA binding family member 3"	Q15397	9	2720469-2844095	"Predicted intracellular proteins"		"DNA-binding, RNA-binding"		"Evidence at protein level"	"Evidence at protein level"	"Evidence at protein level"	"Evidence at protein level"
ZNF700	DKFZp434I1610	ENSG00000196757	"Zinc finger protein 700"	Q9H0M5	19	11925068-11950773	"Predicted intracellular proteins, Transcription factors"	"Transcription, Transcription regulation"	DNA-binding		"Evidence at protein level"	"Evidence at transcript level"	"Evidence at transcript level"	"Evidence at protein level"
ZNF274	"ZKSCAN19, ZSCAN51"	ENSG00000171606	"Zinc finger protein 274"	Q96GC6	19	58183029-58213562	"Predicted intracellular proteins, Transcription factors"	"Transcription, Transcription regulation"	"DNA-binding, Repressor"		"Evidence at protein level"	"Evidence at protein level"	"Evidence at protein level"	"Evidence at protein level"
LETM1	"Mdm38, SLC55A1."	ENSG00000168924	"Leucine zipper and EF-hand containing transmembrane protein 1"	O95202	4	1811479-1856156	"Human disease related genes, Predicted membrane proteins, Transporters"	"Antiport, Calcium transport, Ion transport, Potassium transport, Transport"		"Disease variant, Neurodegeneration"	"Evidence at protein level"	"Evidence at protein level"	"Evidence at protein level"	"Evidence at protein level"
NALF2	"CXorf63, FAM155B, TED, TMEM28"	ENSG00000130054	"NALCN channel auxiliary factor 2"	O75949	X	69504326-69532508	"Predicted membrane proteins"				"Evidence at protein level"	"Evidence at transcript level"	"Evidence at transcript level"	"Evidence at protein level"
MRPS22	"C3orf5, GIBT, GK002, MRP-S22"	ENSG00000175110	"Mitochondrial ribosomal protein S22"	P82650	3	139005806-139360497	"Disease related genes, Human disease related genes, Predicted intracellular proteins, Predicted membrane proteins, Ribosomal proteins"		"Ribonucleoprotein, Ribosomal protein"	"Disease variant, Primary mitochondrial disease"	"Evidence at protein level"	"Evidence at protein level"	"Evidence at protein level"	"Evidence at protein level"
TDP2	TTRAP	ENSG00000111802	"Tyrosyl-DNA phosphodiesterase 2"	O95551	6	24649979-24666930	"Disease related genes, Human disease related genes, Predicted intracellular proteins"	"DNA damage, DNA repair, Host-virus interaction"	"Hydrolase, Nuclease"	"Intellectual disability, Neurodegeneration, Spinocerebellar ataxia"	"Evidence at protein level"	"Evidence at protein level"	"Evidence at protein level"	"Evidence at protein level"
DPP4	"ADCP2, CD26, DPPIV"	ENSG00000197635	"Dipeptidyl peptidase 4"	P27487	2	161992245-162074394	"CD markers, Enzymes, FDA approved drug targets, Plasma proteins, Predicted intracellular proteins, Predicted secreted proteins, Transporters"	"Cell adhesion, Host-virus interaction"	"Aminopeptidase, Hydrolase, Protease, Receptor, Serine protease"	"FDA approved drug targets"	"Evidence at protein level"	"Evidence at protein level"	"Evidence at protein level"	"Evidence at protein level"
PAQR6	"FLJ22672, PRdelta"	ENSG00000160781	"Progestin and adipoQ receptor family member 6"	Q6TCH4	1	156243320-156248117	"Predicted intracellular proteins, Predicted membrane proteins"		Receptor		"Evidence at protein level"	"Evidence at transcript level"	"Evidence at protein level"	"Evidence at protein level"
ZNF830	"CCDC16, MGC20398, OMCG1"	ENSG00000198783	"Zinc finger protein 830"	Q96NB3	17	34961540-34963777	"Predicted intracellular proteins"	"Cell cycle, Cell division, Mitosis, mRNA processing, mRNA splicing"	"Developmental protein"		"Evidence at protein level"	"Evidence at protein level"	"Evidence at protein level"	"Evidence at protein level"
REV1	REV1L	ENSG00000135945	"REV1 DNA directed polymerase"	Q9UBZ9	2	99400475-99490035	"Predicted intracellular proteins"	"DNA damage, DNA repair, DNA synthesis"	"DNA-binding, Nucleotidyltransferase, Transferase"		"Evidence at protein level"	"Evidence at protein level"	"Evidence at protein level"	"Evidence at protein level"
ARMC8	"DKFZP434A043, GID5, HSPC056, VID28"	ENSG00000114098	"Armadillo repeat containing 8"	Q8IUR7	3	138187248-138298384	"Predicted intracellular proteins"				"Evidence at protein level"	"Evidence at protein level"	"Evidence at protein level"	"Evidence at protein level"
ZNF550	MGC41917	ENSG00000251369	"Zinc finger protein 550"		19	57535257-57559863	"Predicted intracellular proteins"				"Evidence at protein level"	"Evidence at protein level"		
ADPGK	"ADP-GK, DKFZp434B195"	ENSG00000159322	"ADP dependent glucokinase"	Q9BRR6	15	72751294-72785846	"Enzymes, Metabolic proteins, Predicted intracellular proteins"	Glycolysis	"Kinase, Transferase"		"Evidence at protein level"	"Evidence at protein level"	"Evidence at protein level"	"Evidence at protein level"
NCBP2	"Cbc2, CBP20, NIP1"	ENSG00000114503	"Nuclear cap binding protein subunit 2"	P52298	3	196935402-196942594	"Predicted intracellular proteins, Transporters"	"mRNA processing, mRNA splicing, mRNA transport, Nonsense-mediated mRNA decay, RNA-mediated gene silencing, Translation regulation, Transport"	RNA-binding		"Evidence at protein level"	"Evidence at protein level"	"Evidence at protein level"	"Evidence at protein level"
WHAMM	"KIAA1971, WHAMM1, WHDC1"	ENSG00000156232	"WASP homolog associated with actin, golgi membranes and microtubules"	Q8TF30	15	82809628-82836108	"Predicted intracellular proteins"		Actin-binding		"Evidence at protein level"	"Evidence at protein level"	"Evidence at protein level"	"Evidence at protein level"
CCNT2		ENSG00000082258	"Cyclin T2"	O60583	2	134918235-134959342	"Plasma proteins, Predicted intracellular proteins"	"Cell cycle, Cell division, Host-virus interaction, Transcription, Transcription regulation"	Cyclin		"Evidence at protein level"	"Evidence at protein level"	"Evidence at protein level"	"Evidence at protein level"
PNN	memA	ENSG00000100941	"Pinin, desmosome associated protein"	Q9H307	14	39175183-39183220	"Predicted intracellular proteins, Transporters"	"mRNA processing, mRNA splicing, Transcription, Transcription regulation"	"Activator, DNA-binding"	"Tumor suppressor"	"Evidence at protein level"	"Evidence at protein level"	"Evidence at protein level"	"Evidence at protein level"
TGDS	"SDR2E1, TDPGD"	ENSG00000088451	"TDP-glucose 4,6-dehydratase"	O95455	13	94574054-94596242	"Disease related genes, Enzymes, Human disease related genes, Metabolic proteins, Potential drug targets, Predicted intracellular proteins"		Lyase	"Disease variant"	"Evidence at protein level"	"Evidence at transcript level"	"Evidence at protein level"	"Evidence at protein level"
PIGL		ENSG00000108474	"Phosphatidylinositol glycan anchor biosynthesis class L"	Q9Y2B2	17	16217191-16351797	"Disease related genes, Enzymes, Human disease related genes, Metabolic proteins, Potential drug targets, Predicted intracellular proteins"	"GPI-anchor biosynthesis, Lipid metabolism"	Hydrolase	"Deafness, Disease variant, Ichthyosis, Intellectual disability"	"Evidence at protein level"	"Evidence at transcript level"	"Evidence at protein level"	"Evidence at protein level"
SYNJ1	"INPP5G, PARK20"	ENSG00000159082	"Synaptojanin 1"	O43426	21	32628759-32728040	"Disease related genes, Enzymes, Human disease related genes, Metabolic proteins, Potential drug targets, Predicted intracellular proteins"	"Endocytosis, Lipid metabolism"	"Hydrolase, RNA-binding"	"Disease variant, Epilepsy, Neurodegeneration, Parkinson disease, Parkinsonism"	"Evidence at protein level"	"Evidence at protein level"	"Evidence at protein level"	"Evidence at protein level"
RUSC1	NESCA	ENSG00000160753	"RUN and SH3 domain containing 1"	Q9BVN2	1	155320894-155331114	"Predicted intracellular proteins"				"Evidence at protein level"	"Evidence at protein level"	"Evidence at protein level"	"Evidence at protein level"
GTPBP3	"FLJ14700, GTPBG3, MSS1, MTGP1, THDF1"	ENSG00000130299	"GTP binding protein 3, mitochondrial"	Q969Y2	19	17334920-17342731	"Disease related genes, Human disease related genes, Predicted intracellular proteins"	"tRNA processing"		"Cardiomyopathy, Disease variant, Primary mitochondrial disease"	"Evidence at protein level"	"Evidence at protein level"	"Evidence at protein level"	"Evidence at protein level"
EXO5	"C1orf176, DEM1, FLJ21144"	ENSG00000164002	"Exonuclease 5"	Q9H790	1	40508741-40516038	"Predicted intracellular proteins"	"DNA damage, DNA repair"	"DNA-binding, Exonuclease, Hydrolase, Nuclease"		"Evidence at protein level"	"Evidence at protein level"	"Evidence at protein level"	"Evidence at protein level"
CMSS1	"C3orf26, MGC4308"	ENSG00000184220	"Cms1 ribosomal small subunit homolog"	Q9BQ75	3	99817837-100181732	"Predicted intracellular proteins"				"Evidence at protein level"	"Evidence at transcript level"	"Evidence at protein level"	"Evidence at protein level"
MAP6D1	"FLJ12748, SL21"	ENSG00000180834	"MAP6 domain containing 1"	Q9H9H5	3	183815922-183825594	"Predicted intracellular proteins"		Calmodulin-binding		"Evidence at protein level"	"Evidence at protein level"	"Evidence at protein level"	"Evidence at protein level"
NELFCD	"HSPC130, NELF-C, NELF-D, TH1, TH1L"	ENSG00000101158	"Negative elongation factor complex member C/D"	Q8IXH7	20	58981208-58995133	"Predicted intracellular proteins"	"Transcription, Transcription regulation"	"Repressor, RNA-binding"		"Evidence at protein level"	"Evidence at protein level"	"Evidence at protein level"	"Evidence at protein level"
TOB1	"APRO5, TOB, TROB, TROB1"	ENSG00000141232	"Transducer of ERBB2, 1"	P50616	17	50862223-50867978	"Predicted intracellular proteins"				"Evidence at protein level"	"Evidence at transcript level"	"Evidence at protein level"	"Evidence at protein level"
ABCC5	"EST277145, MOAT-C, MRP5, SMRP"	ENSG00000114770	"ATP binding cassette subfamily C member 5"	O15440	3	183919934-184017939	"Cancer-related genes, Enzymes, Metabolic proteins, Predicted intracellular proteins, Predicted membrane proteins, Transporters"	Transport	Translocase	"Cancer-related genes"	"Evidence at protein level"	"Evidence at transcript level"	"Evidence at protein level"	"Evidence at protein level"
RBM26	"ARRS2, C13orf10, FLJ20957, PPP1R132, PRO1777, SE70-2, ZC3H17"	ENSG00000139746	"RNA binding motif protein 26"	Q5T8P6	13	79311824-79406477	"Plasma proteins, Predicted intracellular proteins"		RNA-binding		"Evidence at protein level"	"Evidence at transcript level"	"Evidence at protein level"	"Evidence at protein level"
ZNF503	"FLJ45745, MGC2555, Nlz2"	ENSG00000165655	"Zinc finger protein 503"	Q96F45	10	75397830-75401764	"Predicted intracellular proteins"	"Transcription, Transcription regulation"	Repressor		"Evidence at protein level"	"Evidence at transcript level"	"Evidence at protein level"	"Evidence at protein level"
SETD6	FLJ21148	ENSG00000103037	"SET domain containing 6, protein lysine methyltransferase"	Q8TBK2	16	58515479-58523842	"Predicted intracellular proteins"		"Methyltransferase, Transferase"		"Evidence at protein level"	"Evidence at protein level"	"Evidence at protein level"	"Evidence at protein level"
ZNF440	FLJ37933	ENSG00000171295	"Zinc finger protein 440"	Q8IYI8	19	11814273-11835216	"Predicted intracellular proteins, Transcription factors"	"Transcription, Transcription regulation"	DNA-binding		"Evidence at protein level"	"Evidence at transcript level"	"Evidence at protein level"	"Evidence at protein level"
SIN3B	KIAA0700	ENSG00000127511	"SIN3 transcription regulator family member B"	O75182	19	16829398-16880353	"Predicted intracellular proteins"	"Transcription, Transcription regulation"	Repressor		"Evidence at protein level"	"Evidence at transcript level"	"Evidence at protein level"	"Evidence at protein level"
CCT2	Cctb	ENSG00000166226	"Chaperonin containing TCP1 subunit 2"	P78371	12	69585426-69601570	"Plasma proteins, Predicted intracellular proteins"		Chaperone		"Evidence at protein level"	"Evidence at protein level"	"Evidence at protein level"	"Evidence at protein level"
RAD18	RNF73	ENSG00000070950	"RAD18 E3 ubiquitin protein ligase"	Q9NS91	3	8775402-8963773	"Enzymes, Metabolic proteins, Plasma proteins, Predicted intracellular proteins"	"DNA damage, DNA repair, Ubl conjugation pathway"	"DNA-binding, Transferase"		"Evidence at protein level"	"Evidence at protein level"	"Evidence at protein level"	"Evidence at protein level"
KHDC4	"BLOM7, KIAA0907, SNORA80EHG"	ENSG00000132680	"KH domain containing 4, pre-mRNA splicing factor"	Q7Z7F0	1	155913045-155934413	"Predicted intracellular proteins"	"mRNA processing, mRNA splicing"	RNA-binding		"Evidence at protein level"	"Evidence at protein level"	"Evidence at protein level"	"Evidence at protein level"
PRPF39	"FLJ11128, FLJ20666"	ENSG00000185246	"Pre-mRNA processing factor 39"	Q86UA1	14	45084107-45116282	"Predicted intracellular proteins"	"mRNA processing, mRNA splicing"			"Evidence at protein level"	"Evidence at transcript level"	"Evidence at protein level"	"Evidence at protein level"
DCUN1D5	"FLJ32431, MGC2714"	ENSG00000137692	"Defective in cullin neddylation 1 domain containing 5"	Q9BTE7	11	103050686-103092194	"Predicted intracellular proteins"				"Evidence at protein level"	"Evidence at transcript level"	"Evidence at protein level"	"Evidence at protein level"
C3orf38	MGC26717	ENSG00000179021	"Chromosome 3 open reading frame 38"	Q5JPI3	3	88149959-88168729	"Predicted intracellular proteins"	Apoptosis			"Evidence at protein level"	"Evidence at transcript level"	"Evidence at protein level"	"Evidence at protein level"
NCBP1	"CBP80, NCBP, Sto1"	ENSG00000136937	"Nuclear cap binding protein subunit 1"	Q09161	9	97633668-97673748	"Predicted intracellular proteins, Transporters"	"mRNA capping, mRNA processing, mRNA splicing, mRNA transport, Nonsense-mediated mRNA decay, RNA-mediated gene silencing, Translation regulation, Transport"			"Evidence at protein level"	"Evidence at protein level"	"Evidence at protein level"	"Evidence at protein level"
ZNF195		ENSG00000005801	"Zinc finger protein 195"	O14628	11	3339261-3379222	"Predicted intracellular proteins, Transcription factors"	"Transcription, Transcription regulation"	DNA-binding		"Evidence at protein level"	"Evidence at transcript level"	"Evidence at protein level"	"Evidence at protein level"
SRSF4	"SFRS4, SRP75"	ENSG00000116350	"Serine and arginine rich splicing factor 4"	Q08170	1	29147743-29181900	"Predicted intracellular proteins"	"mRNA processing, mRNA splicing"	"Repressor, RNA-binding"		"Evidence at protein level"	"Evidence at protein level"	"Evidence at protein level"	"Evidence at protein level"
BCAS2	"DAM1, Snt309, SPF27"	ENSG00000116752	"BCAS2 pre-mRNA processing factor"	O75934	1	114567557-114581629	"Predicted intracellular proteins"	"mRNA processing, mRNA splicing"			"Evidence at protein level"	"Evidence at protein level"	"Evidence at protein level"	"Evidence at protein level"
ASB9	"DKFZP564L0862, FLJ20636, MGC4954"	ENSG00000102048	"Ankyrin repeat and SOCS box containing 9"	Q96DX5	X	15235288-15270467	"Predicted intracellular proteins"	"Ubl conjugation pathway"			"Evidence at protein level"	"Evidence at protein level"	"Evidence at protein level"	"Evidence at protein level"
STAU1	"PPP1R150, STAU"	ENSG00000124214	"Staufen double-stranded RNA binding protein 1"	O95793	20	49113339-49188367	"Plasma proteins, Predicted intracellular proteins"	"Host-virus interaction"	RNA-binding		"Evidence at protein level"	"Evidence at protein level"	"Evidence at protein level"	"Evidence at protein level"
CEP170B	"Cep170R, FAM68C, KIAA0284"	ENSG00000099814	"Centrosomal protein 170B"	Q9Y4F5	14	104865268-104896747	"Predicted intracellular proteins"				"Evidence at protein level"	"Evidence at protein level"	"Evidence at protein level"	"Evidence at protein level"
TOP3A	"TOP3, ZGRF7"	ENSG00000177302	"DNA topoisomerase III alpha"	Q13472	17	18271428-18315007	"Cancer-related genes, Disease related genes, Enzymes, Human disease related genes, Potential drug targets, Predicted intracellular proteins"		"DNA-binding, Isomerase, Topoisomerase"	"Cancer-related genes, Disease variant, Dwarfism, Primary mitochondrial disease, Progressive external ophthalmoplegia"	"Evidence at protein level"	"Evidence at transcript level"	"Evidence at protein level"	"Evidence at protein level"
AKT2	PKBbeta	ENSG00000105221	"AKT serine/threonine kinase 2"	P31751	19	40230317-40285536	"Cancer-related genes, Disease related genes, Enzymes, Human disease related genes, Potential drug targets, Predicted intracellular proteins, RAS pathway related proteins"	"Apoptosis, Carbohydrate metabolism, Glucose metabolism, Glycogen biosynthesis, Glycogen metabolism, Sugar transport, Translation regulation, Transport"	"Developmental protein, Kinase, Serine/threonine-protein kinase, Transferase"	"Cancer-related genes, Diabetes mellitus, Disease variant, Proto-oncogene"	"Evidence at protein level"	"Evidence at protein level"	"Evidence at protein level"	"Evidence at protein level"
VCPKMT	"C14orf138, METTL21D, VCP-KMT"	ENSG00000100483	"Valosin containing protein lysine methyltransferase"	Q9H867	14	50108632-50116600	"Predicted intracellular proteins"		"Methyltransferase, Transferase"		"Evidence at protein level"	"Evidence at protein level"	"Evidence at protein level"	"Evidence at protein level"
MBD4	MED1	ENSG00000129071	"Methyl-CpG binding domain 4, DNA glycosylase"	O95243	3	129430947-129440179	"Cancer-related genes, Disease related genes, Human disease related genes, Predicted intracellular proteins"	"DNA damage, DNA repair"	"DNA-binding, Hydrolase"	"Cancer-related genes, Disease variant"	"Evidence at protein level"	"Evidence at protein level"	"Evidence at protein level"	"Evidence at protein level"
CCDC174	"C3orf19, ctr1, FLJ33839"	ENSG00000154781	"Coiled-coil domain containing 174"	Q6PII3	3	14651762-14672659	"Disease related genes, Human disease related genes, Predicted intracellular proteins"				"Evidence at protein level"	"Evidence at protein level"	"Evidence at protein level"	"Evidence at protein level"
CCDC14	"DKFZp434L1050, FLJ12892"	ENSG00000175455	"Coiled-coil domain containing 14"	Q49A88	3	123897305-123961408	"Predicted intracellular proteins"				"Evidence at protein level"	"Evidence at protein level"	"Evidence at protein level"	"Evidence at protein level"
EEF1AKMT2	"C10orf138, Efm4, METTL10"	ENSG00000203791	"EEF1A lysine methyltransferase 2"	Q5JPI9	10	124748149-124791887	"Predicted intracellular proteins"		"Methyltransferase, Transferase"		"Evidence at protein level"	"Evidence at protein level"	"Evidence at protein level"	"Evidence at protein level"
EXOG	"ENDOGL1, ENDOGL2, ENGL, ENGL-a, ENGL-b"	ENSG00000157036	"Exo/endonuclease G"	Q9Y2C4	3	38496127-38542161	"Predicted intracellular proteins"		"Endonuclease, Hydrolase, Nuclease"		"Evidence at protein level"	"Evidence at protein level"	"Evidence at protein level"	"Evidence at protein level"
NCBP3	"C17orf85, ELG, HSA277841"	ENSG00000074356	"Nuclear cap binding subunit 3"	Q53F19	17	3802158-3846246	"Predicted intracellular proteins"	"Antiviral defense, mRNA capping, mRNA processing, mRNA transport, Transport"	RNA-binding		"Evidence at protein level"	"Evidence at protein level"	"Evidence at protein level"	"Evidence at protein level"
SPAG16	"DKFZp666P1710, FLJ22724, PF20, WDR29"	ENSG00000144451	"Sperm associated antigen 16"	Q8N0X2	2	213284389-214410501	"Predicted intracellular proteins"	"Cilium biogenesis/degradation"			"Evidence at protein level"	"Evidence at protein level"	"Evidence at protein level"	"Evidence at protein level"
C1orf52	"FLJ44982, gm117"	ENSG00000162642	"Chromosome 1 open reading frame 52"	Q8N6N3	1	85249953-85259672	"Predicted intracellular proteins"				"Evidence at protein level"	"Evidence at protein level"	"Evidence at protein level"	"Evidence at protein level"
CEP83	"CCDC41, NPHP18, NY-REN-58"	ENSG00000173588	"Centrosomal protein 83"	Q9Y592	12	94306449-94459988	"Disease related genes, Human disease related genes, Predicted intracellular proteins"	"Cilium biogenesis/degradation"		"Ciliopathy, Disease variant, Nephronophthisis"	"Evidence at protein level"	"Evidence at transcript level"	"Evidence at protein level"	"Evidence at protein level"
ZNF736		ENSG00000234444	"Zinc finger protein 736"	B4DX44	7	64307459-64356634	"Predicted intracellular proteins, Transcription factors"	"Transcription, Transcription regulation"	DNA-binding		"Evidence at protein level"	"Evidence at protein level"	"Evidence at transcript level"	"Evidence at protein level"
TP53	"LFS1, p53"	ENSG00000141510	"Tumor protein p53"	P04637	17	7661779-7687538	"Cancer-related genes, Disease related genes, Human disease related genes, Plasma proteins, Potential drug targets, Predicted intracellular proteins, Transcription factors, Transporters"	"Apoptosis, Biological rhythms, Cell cycle, Host-virus interaction, Necrosis, Transcription, Transcription regulation"	"Activator, DNA-binding, Repressor"	"Cancer-related genes, Disease variant, Li-Fraumeni syndrome, Tumor suppressor"	"Evidence at protein level"	"Evidence at protein level"	"Evidence at protein level"	"Evidence at protein level"
SHTN1	"KIAA1598, shootin-1, shootin1"	ENSG00000187164	"Shootin 1"	A0MZ66	10	116881477-117126586	"Predicted intracellular proteins"		"Developmental protein"		"Evidence at protein level"	"Evidence at protein level"	"Evidence at protein level"	"Evidence at protein level"
HNRNPA2B1	HNRPA2B1	ENSG00000122566	"Heterogeneous nuclear ribonucleoprotein A2/B1"	P22626	7	26171151-26201529	"Cancer-related genes, Disease related genes, Human disease related genes, Plasma proteins, Predicted intracellular proteins"	"Host-virus interaction, mRNA processing, mRNA splicing, mRNA transport, Transport"	"Ribonucleoprotein, RNA-binding"	"Cancer-related genes, Disease variant"	"Evidence at protein level"	"Evidence at protein level"	"Evidence at protein level"	"Evidence at protein level"
NFATC2IP	"ESC2, FLJ14639, NIP45, RAD60"	ENSG00000176953	"Nuclear factor of activated T cells 2 interacting protein"	Q8NCF5	16	28950807-28967092	"Predicted intracellular proteins"				"Evidence at protein level"	"Evidence at transcript level"	"Evidence at protein level"	"Evidence at protein level"
BRPF1	BR140	ENSG00000156983	"Bromodomain and PHD finger containing 1"	P55201	3	9731729-9748019	"Disease related genes, Human disease related genes, Metabolic proteins, Plasma proteins, Predicted intracellular proteins"	"Transcription, Transcription regulation"	"Activator, Chromatin regulator, DNA-binding"	"Disease variant, Intellectual disability"	"Evidence at protein level"	"Evidence at protein level"	"Evidence at protein level"	"Evidence at protein level"
ZRANB2	"ZIS, ZIS1, ZIS2, ZNF265"	ENSG00000132485	"Zinc finger RANBP2-type containing 2"	O95218	1	71063291-71081289	"Plasma proteins, Predicted intracellular proteins"	"mRNA processing, mRNA splicing"	RNA-binding		"Evidence at protein level"	"Evidence at protein level"	"Evidence at protein level"	"Evidence at protein level"
POLG	"POLG1, POLGA"	ENSG00000140521	"DNA polymerase gamma, catalytic subunit"	P54098	15	89305198-89334861	"Disease related genes, Enzymes, Human disease related genes, Metabolic proteins, Potential drug targets, Predicted intracellular proteins"	"DNA replication"	"DNA-binding, DNA-directed DNA polymerase, Nucleotidyltransferase, Transferase"	"Disease variant, Epilepsy, Leigh syndrome, Neurodegeneration, Neuropathy, Primary mitochondrial disease, Progressive external ophthalmoplegia"	"Evidence at protein level"	"Evidence at protein level"	"Evidence at protein level"	"Evidence at protein level"
RIOK3	SUDD	ENSG00000101782	"RIO kinase 3"	O14730	18	23453287-23486603	"Enzymes, Predicted intracellular proteins"	"Antiviral defense, Immunity, Innate immunity, Ribosome biogenesis"	"Kinase, Serine/threonine-protein kinase, Transferase"		"Evidence at protein level"	"Evidence at protein level"	"Evidence at protein level"	"Evidence at protein level"
CLK3		ENSG00000179335	"CDC like kinase 3"	P49761	15	74598500-74645414	"Enzymes, Predicted intracellular proteins"		"Kinase, Serine/threonine-protein kinase, Transferase, Tyrosine-protein kinase"		"Evidence at protein level"	"Evidence at protein level"	"Evidence at protein level"	"Evidence at protein level"
NKTR	p104	ENSG00000114857	"Natural killer cell triggering receptor"	P30414	3	42600655-42648735	"Enzymes, Metabolic proteins, Predicted intracellular proteins"		"Isomerase, Rotamase"		"Evidence at protein level"	"Evidence at protein level"	"Evidence at protein level"	"Evidence at protein level"
DHX33	"DDX33, DKFZp762F2011, FLJ21972"	ENSG00000005100	"DEAH-box helicase 33"	Q9H6R0	17	5440917-5468982	"Enzymes, Predicted intracellular proteins"		"Helicase, Hydrolase"		"Evidence at protein level"	"Evidence at protein level"	"Evidence at protein level"	"Evidence at protein level"
GNL3	"C77032, E2IG3, MGC800, NS"	ENSG00000163938	"G protein nucleolar 3"	Q9BVP2	3	52681156-52694497	"Predicted intracellular proteins"				"Evidence at protein level"	"Evidence at protein level"	"Evidence at protein level"	"Evidence at protein level"
SH2D3A	NSP1	ENSG00000125731	"SH2 domain containing 3A"	Q9BRG2	19	6752160-6767463	"Predicted intracellular proteins"				"Evidence at protein level"	"Evidence at protein level"	"Evidence at protein level"	"Evidence at protein level"
ZNF668	FLJ13479	ENSG00000167394	"Zinc finger protein 668"	Q96K58	16	31060843-31074240	"Predicted intracellular proteins, Transcription factors"	"Transcription, Transcription regulation"	DNA-binding		"Evidence at protein level"	"Evidence at transcript level"	"Evidence at protein level"	"Evidence at protein level"
DHX32	"DDX32, DHLP1, FLJ10694, FLJ10889"	ENSG00000089876	"DEAH-box helicase 32 (putative)"	Q7L7V1	10	125836337-125896436	"Enzymes, Predicted intracellular proteins"		"Helicase, Hydrolase"		"Evidence at protein level"	"Evidence at transcript level"	"Evidence at protein level"	"Evidence at protein level"
FNBP4	KIAA1014	ENSG00000109920	"Formin binding protein 4"	Q8N3X1	11	47716494-47767443	"Predicted intracellular proteins"				"Evidence at protein level"	"Evidence at protein level"	"Evidence at protein level"	"Evidence at protein level"
ZNF419	"ZAPHIR, ZNF419A"	ENSG00000105136	"Zinc finger protein 419"	Q96HQ0	19	57487711-57496098	"Predicted intracellular proteins, Transcription factors"	"Transcription, Transcription regulation"	DNA-binding		"Evidence at protein level"	"Evidence at transcript level"	"Evidence at protein level"	"Evidence at protein level"
POLG2	"HP55, MTPOLB"	ENSG00000256525	"DNA polymerase gamma 2, accessory subunit"	Q9UHN1	17	64477785-64497054	"Disease related genes, Human disease related genes, Metabolic proteins, Predicted intracellular proteins"	"DNA replication"	DNA-binding	"Disease variant, Primary mitochondrial disease, Progressive external ophthalmoplegia"	"Evidence at protein level"	"Evidence at protein level"	"Evidence at protein level"	"Evidence at protein level"
ZNF248	bA162G10.3	ENSG00000198105	"Zinc finger protein 248"	Q8NDW4	10	37776526-37858106	"Predicted intracellular proteins, Transcription factors"	"Transcription, Transcription regulation"	DNA-binding		"Evidence at protein level"	"Evidence at transcript level"	"Evidence at protein level"	"Evidence at protein level"
HAUS1	"CCDC5, FLJ40084, HEI-C, HsT1461"	ENSG00000152240	"HAUS augmin like complex subunit 1"	Q96CS2	18	46104378-46128333	"Predicted intracellular proteins"	"Cell cycle, Cell division, Mitosis"			"Evidence at protein level"	"Evidence at protein level"	"Evidence at protein level"	"Evidence at protein level"
ZNF197	"D3S1363E, P18, ZKSCAN9, ZNF166, ZSCAN41"	ENSG00000186448	"Zinc finger protein 197"	O14709	3	44584888-44648471	"Plasma proteins, Predicted intracellular proteins, Transcription factors"	"Transcription, Transcription regulation"	DNA-binding		"Evidence at protein level"	"Evidence at transcript level"	"Evidence at transcript level"	"Evidence at protein level"
QTRT2	"FLJ12960, QTRTD1"	ENSG00000151576	"Queuine tRNA-ribosyltransferase accessory subunit 2"	Q9H974	3	114005833-114088422	"Metabolic proteins, Predicted intracellular proteins"	"tRNA processing"			"Evidence at protein level"	"Evidence at protein level"	"Evidence at protein level"	"Evidence at protein level"
ZNF335	"bA465L10.2, NIF-1"	ENSG00000198026	"Zinc finger protein 335"	Q9H4Z2	20	45948660-45972203	"Disease related genes, Human disease related genes, Predicted intracellular proteins, Transcription factors"	"Transcription, Transcription regulation"	"Activator, Developmental protein, DNA-binding"	"Disease variant, Intellectual disability, Primary microcephaly"	"Evidence at protein level"	"Evidence at protein level"	"Evidence at protein level"	"Evidence at protein level"
ZWILCH	"FLJ10036, KNTC1AP"	ENSG00000174442	"Zwilch kinetochore protein"	Q9H900	15	66504959-66550130	"Predicted intracellular proteins"	"Cell cycle, Cell division, Mitosis"			"Evidence at protein level"	"Evidence at transcript level"	"Evidence at protein level"	"Evidence at protein level"
DRG2		ENSG00000108591	"Developmentally regulated GTP binding protein 2"	P55039	17	18087892-18107970	"Plasma proteins, Predicted intracellular proteins"		Hydrolase		"Evidence at protein level"	"Evidence at protein level"	"Evidence at protein level"	"Evidence at protein level"
ANKRD11	"ANCO-1, ANCO1, LZ16, T13"	ENSG00000167522	"Ankyrin repeat domain containing 11"	Q6UB99	16	89267630-89490561	"Disease related genes, Human disease related genes, Predicted intracellular proteins"			"Disease variant, Dwarfism, Intellectual disability"	"Evidence at protein level"	"Evidence at protein level"	"Evidence at protein level"	"Evidence at protein level"
RNPC3	"FLJ20008, KIAA1839, RBM40, SNRNP65"	ENSG00000185946	"RNA binding region (RNP1, RRM) containing 3"	Q96LT9	1	103525691-103555239	"Disease related genes, Human disease related genes, Predicted intracellular proteins"	"mRNA processing, mRNA splicing"	RNA-binding	"Disease variant, Dwarfism"	"Evidence at protein level"	"Evidence at protein level"	"Evidence at protein level"	"Evidence at protein level"
SPATA5L1	"FLJ12286, MGC5347"	ENSG00000171763	"Spermatogenesis associated 5 like 1"	Q9BVQ7	15	45402336-45421415	"Disease related genes, Enzymes, Human disease related genes, Potential drug targets, Predicted intracellular proteins"	"Ribosome biogenesis"	Hydrolase	"Deafness, Epilepsy, Intellectual disability, Non-syndromic deafness"	"Evidence at protein level"	"Evidence at transcript level"	"Evidence at protein level"	"Evidence at protein level"
CDK5RAP1	"C20orf34, C42, CGI-05, HSPC167"	ENSG00000101391	"CDK5 regulatory subunit associated protein 1"	Q96SZ6	20	33358839-33401561	"Enzymes, Predicted intracellular proteins"	"tRNA processing"	Transferase		"Evidence at protein level"	"Evidence at protein level"	"Evidence at protein level"	"Evidence at protein level"
RBM25	"fSAP94, NET52, RNPC7, S164, Snu71"	ENSG00000119707	"RNA binding motif protein 25"	P49756	14	73058532-73123899	"Plasma proteins, Predicted intracellular proteins"	"mRNA processing, mRNA splicing"	RNA-binding		"Evidence at protein level"	"Evidence at protein level"	"Evidence at protein level"	"Evidence at protein level"
WDR19	"DYF-2, FAP66, FLJ23127, IFT144, KIAA1638, NPHP13, ORF26, Oseg6, Pwdmp"	ENSG00000157796	"WD repeat domain 19"	Q8NEZ3	4	39182504-39285810	"Disease related genes, Human disease related genes, Predicted intracellular proteins"	"Cilium biogenesis/degradation"		"Ciliopathy, Disease variant, Ectodermal dysplasia, Leber congenital amaurosis, Nephronophthisis, Senior-Loken syndrome"	"Evidence at protein level"	"Evidence at protein level"	"Evidence at protein level"	"Evidence at protein level"
EID2	"CRI2, EID-2, MGC20452"	ENSG00000176396	"EP300 interacting inhibitor of differentiation 2"	Q8N6I1	19	39538707-39540161	"Predicted intracellular proteins"	"Differentiation, Myogenesis, Transcription, Transcription regulation"	"Developmental protein, Repressor"		"Evidence at protein level"	"Evidence at protein level"	"Evidence at protein level"	"Evidence at protein level"
DENND1C	"FAM31C, FLJ22757"	ENSG00000205744	"DENN domain containing 1C"	Q8IV53	19	6467207-6482557	"Predicted intracellular proteins"		"Guanine-nucleotide releasing factor"		"Evidence at protein level"	"Evidence at protein level"	"Evidence at protein level"	"Evidence at protein level"
SMC4	"CAP-C, hCAP-C, SMC4L1"	ENSG00000113810	"Structural maintenance of chromosomes 4"	Q9NTJ3	3	160399274-160434954	"Plasma proteins, Predicted intracellular proteins"	"Cell cycle, Cell division, DNA condensation, Mitosis"			"Evidence at protein level"	"Evidence at protein level"	"Evidence at protein level"	"Evidence at protein level"
MXI1	"bHLHc11, MAD2, MXD2, MXI"	ENSG00000119950	"MAX interactor 1, dimerization protein"	P50539	10	110207605-110287365	"Cancer-related genes, Disease related genes, Human disease related genes, Predicted intracellular proteins, Transcription factors"	"Transcription, Transcription regulation"	"DNA-binding, Repressor"	"Cancer-related genes, Disease variant, Proto-oncogene"	"Evidence at protein level"	"Evidence at protein level"	"Evidence at protein level"	"Evidence at protein level"
UMPS		ENSG00000114491	"Uridine monophosphate synthetase"	P11172	3	124730433-124749273	"Disease related genes, Enzymes, Human disease related genes, Metabolic proteins, Potential drug targets, Predicted intracellular proteins"	"Pyrimidine biosynthesis"	"Decarboxylase, Glycosyltransferase, Lyase, Multifunctional enzyme, Transferase"	"Disease variant"	"Evidence at protein level"	"Evidence at transcript level"	"Evidence at protein level"	"Evidence at protein level"
MINK1	"B55, MAP4K6, MINK, YSK2, ZC3"	ENSG00000141503	"Misshapen like kinase 1"	Q8N4C8	17	4833340-4898061	"Enzymes, Predicted intracellular proteins"		"Kinase, Serine/threonine-protein kinase, Transferase"		"Evidence at protein level"	"Evidence at transcript level"	"Evidence at protein level"	"Evidence at protein level"
TIPIN	FLJ20516	ENSG00000075131	"TIMELESS interacting protein"	Q9BVW5	15	66336191-66386746	"Predicted intracellular proteins"	"Cell cycle, Cell division, DNA damage, Mitosis"			"Evidence at protein level"	"Evidence at protein level"	"Evidence at protein level"	"Evidence at protein level"
PAXBP1	"C21orf66, fSAP105, GCFC, GCFC1"	ENSG00000159086	"PAX3 and PAX7 binding protein 1"	Q9Y5B6	21	32733899-32771792	"Plasma proteins, Predicted intracellular proteins"	"Myogenesis, Transcription, Transcription regulation"	DNA-binding		"Evidence at protein level"	"Evidence at transcript level"	"Evidence at protein level"	"Evidence at protein level"
PAK2	"PAK65, PAKgamma"	ENSG00000180370	"P21 (RAC1) activated kinase 2"	Q13177	3	196739857-196832647	"Disease related genes, Enzymes, Plasma proteins, Potential drug targets, Predicted intracellular proteins, RAS pathway related proteins"	"Apoptosis, Growth regulation, Host-virus interaction"	"Allosteric enzyme, Kinase, Serine/threonine-protein kinase, Transferase"	"Disease variant"	"Evidence at protein level"	"Evidence at protein level"	"Evidence at protein level"	"Evidence at protein level"
FBRSL1	KIAA1545	ENSG00000112787	"Fibrosin like 1"	Q9HCM7	12	132489551-132585188	"Predicted intracellular proteins"				"Evidence at protein level"	"Evidence at protein level"	"Evidence at protein level"	"Evidence at protein level"
FGD6	"FLJ11183, ZFYVE24"	ENSG00000180263	"FYVE, RhoGEF and PH domain containing 6"	Q6ZV73	12	95076749-95217482	"Predicted intracellular proteins"		"Guanine-nucleotide releasing factor"		"Evidence at protein level"	"Evidence at protein level"	"Evidence at protein level"	"Evidence at protein level"
PAK4		ENSG00000130669	"P21 (RAC1) activated kinase 4"	O96013	19	39125770-39182816	"Enzymes, Predicted intracellular proteins, RAS pathway related proteins"	"Apoptosis, Cell cycle"	"Kinase, Serine/threonine-protein kinase, Transferase"		"Evidence at protein level"	"Evidence at protein level"	"Evidence at protein level"	"Evidence at protein level"
MDM4	"HDMX, MDMX"	ENSG00000198625	"MDM4 regulator of p53"	O15151	1	204516379-204558120	"Cancer-related genes, Disease related genes, Human disease related genes, Predicted intracellular proteins"			"Cancer-related genes, Disease variant"	"Evidence at protein level"	"Evidence at protein level"	"Evidence at protein level"	"Evidence at protein level"
PGS1	DKFZP762M186	ENSG00000087157	"Phosphatidylglycerophosphate synthase 1"	Q32NB8	17	78378649-78425114	"Enzymes, Metabolic proteins, Predicted intracellular proteins"	"Lipid biosynthesis, Lipid metabolism, Phospholipid biosynthesis, Phospholipid metabolism"	Transferase		"Evidence at protein level"	"Evidence at protein level"	"Evidence at transcript level"	"Evidence at protein level"
